ticket_id,customer_id,created_at,subject,message,category,priority,resolution_time_hours,status,satisfaction_score,problem_impact,problem_impact_conf,urgency_score,skipped,error
TCK-00396,CUST-0125,2026-06-18 00:00,Connectivity problem,Following up on this: Sync between our account and bulk editing keeps failing halfway through.,technical_issue,medium,2.9,resolved,5.0,Data handling,0.31,1.45,,
TCK-00287,CUST-0089,2026-05-18 00:00,Clarifying a feature,"Hi team, Wanted to confirm whether bulk editing is included in our current plan.",general_question,high,0.3,resolved,5.0,Other,0.33,0.23,,
TCK-00430,CUST-0136,2026-04-27 00:00,Clarifying a feature,Quick one — Wanted to confirm whether bulk editing is included in our current plan.,general_question,low,88.1,resolved,3.0,Other,0.34,0.39,,
TCK-00022,CUST-0005,2026-06-09 00:00,Performance issue,"Hello, Sync between our account and bulk editing keeps failing halfway through. Appreciate the help.",technical_issue,high,5.8,resolved,2.0,Calendar synchronization,0.35,1.29,,
TCK-00171,CUST-0045,2026-07-12 00:00,Quick question,Quick one — Just checking what happens if two of our admins goes over the seat limit.,general_question,low,26.7,resolved,5.0,Other,0.36,0.38,,
TCK-00398,CUST-0126,2026-05-27 00:00,Quick question,Wanted to confirm whether bulk editing is included in our current plan. Let me know what you need from us.,general_question,medium,9.2,resolved,4.0,Feature request,0.36,0.29,,
TCK-00436,CUST-0138,2026-07-10 00:00,Clarifying a feature,Following up on this: Wanted to confirm whether the admin console is included in our current plan.,general_question,low,39.5,resolved,4.0,Other,0.4,0.37,,
TCK-00098,CUST-0025,2026-06-22 00:00,Plan limits question,Following up on this: Just checking what happens if two of our admins goes over the seat limit. Not sure if this is expected.,general_question,medium,5.4,resolved,3.0,Other,0.43,0.63,,
TCK-00104,CUST-0026,2026-05-29 00:00,Dashboard not loading,Hoping you can help: Sync between our account and the Slack integration keeps failing halfway through. Thanks in advance.,Technical_issue,low,,open,,Calendar synchronization,0.43,1.18,,
TCK-00206,CUST-0059,2026-06-13 00:00,Plan limits question,"Hi team, Just checking what happens if our support lead goes over the seat limit.",general_question,low,31.9,resolved,5.0,Other,0.43,0.29,,
TCK-00271,CUST-0084,2026-05-21 00:00,Quick question,Quick one — Just checking what happens if two of our admins goes over the seat limit. Not sure if this is expected.,general_question,medium,7.2,resolved,5.0,Other,0.43,0.68,,
TCK-00162,CUST-0042,2026-06-01 00:00,Plan limits question,"Hello, Wanted to confirm whether the dashboard is included in our current plan.",general_question,medium,,pending,,Other,0.44,0.25,,
TCK-00244,CUST-0074,2026-06-29 00:00,Connectivity problem,"Hoping you can help: We keep getting disconnected while using the Slack integration, since Monday.",technical_issue,urgent,1.5,resolved,4.0,Other,0.44,1.36,,
TCK-00335,CUST-0104,2026-07-02 00:00,Dashboard not loading,"We keep getting disconnected while using the collaboration workspace, since Monday.",technical_issue,low,9.0,resolved,5.0,Other,0.44,1.47,,
TCK-00336,CUST-0104,2026-07-14 00:00,Quick question,Wanted to confirm whether the collaboration workspace is included in our current plan. Not sure if this is expected.,general_question,low,12.0,resolved,5.0,Other,0.44,0.29,,
TCK-00015,CUST-0005,2026-05-15 00:00,Dashboard not loading,Hoping you can help: Sync between our account and the collaboration workspace keeps failing halfway through.,technical_issue,low,36.9,resolved,1.0,Calendar synchronization,0.45,1.35,,
TCK-00078,CUST-0016,2026-04-21 00:00,General inquiry,Following up on this: Just checking what happens if two of our admins goes over the seat limit. Thanks in advance.,general_question,medium,6.8,resolved,3.0,Other,0.45,0.39,,
TCK-00228,CUST-0067,2026-07-13 00:00,Quick question,Hoping you can help: Wanted to confirm whether the mobile app is included in our current plan. Happy to jump on a call if easier.,general_question,medium,6.4,resolved,2.0,Billing,0.45,0.33,,
TCK-00323,CUST-0100,2026-05-10 00:00,Performance issue,Following up on this: Sync between our account and the Slack integration keeps failing halfway through. Appreciate the help.,technical_issue,low,51.7,resolved,5.0,Calendar synchronization,0.45,1.26,,
TCK-00072,CUST-0014,2026-04-18 00:00,Clarifying a feature,Wanted to confirm whether the collaboration workspace is included in our current plan. Not sure if this is expected.,general_question,medium,4.2,resolved,5.0,Other,0.46,0.29,,
TCK-00175,CUST-0047,2026-05-30 00:00,Quick question,Following up on this: Wanted to confirm whether the reporting tool is included in our current plan. Happy to jump on a call if easier.,general_question,low,9.3,resolved,4.0,Billing,0.46,0.46,,
TCK-00222,CUST-0065,2026-04-26 00:00,Dashboard not loading,Hoping you can help: Sync between our account and the collaboration workspace keeps failing halfway through. Appreciate the help.,technical_issue,medium,17.1,resolved,3.0,Calendar synchronization,0.46,1.18,,
TCK-00356,CUST-0112,2026-05-04 00:00,Quick question,Following up on this: Just checking what happens if our support lead goes over the seat limit.,General_question,medium,19.8,resolved,1.0,Other,0.47,0.37,,
TCK-00029,CUST-0008,2026-06-24 00:00,Plan limits question,Wanted to confirm whether the dashboard is included in our current plan. Thanks in advance.,general_question,medium,16.7,resolved,5.0,Billing,0.48,0.2,,
TCK-00151,CUST-0041,2026-06-04 00:00,Connectivity problem,"Hello, Sync between our account and the admin console keeps failing halfway through. Happy to jump on a call if easier.",technical_issue,medium,14.0,resolved,5.0,Calendar synchronization,0.48,1.45,,
TCK-00189,CUST-0053,2026-05-22 00:00,Clarifying a feature,"Hello, Wanted to confirm whether the admin console is included in our current plan. Thanks in advance.",general_question,high,2.2,resolved,1.0,Other,0.48,0.23,,
TCK-00414,CUST-0132,2026-04-20 00:00,Performance issue,"Hello, We keep getting disconnected while using the collaboration workspace, this week. Appreciate the help.",technical_issue,low,30.9,resolved,5.0,Other,0.48,1.03,,
TCK-00088,CUST-0020,2026-05-30 00:00,Quick question,Quick one — Wanted to confirm whether the reporting tool is included in our current plan.,general_question,low,,pending,,Other,0.49,0.4,,
TCK-00291,CUST-0091,2026-07-03 00:00,Export issue,"Hoping you can help: Something broke in the admin console since we onboarded, it was working fine before.",bug,medium,4.7,resolved,3.0,Interface error,0.51,1.7,,
TCK-00289,CUST-0090,2026-05-21 00:00,Plan limits question,Following up on this: Wanted to confirm whether the dashboard is included in our current plan. Let me know what you need from us.,general_question,medium,,open,,Billing,0.52,0.54,,
TCK-00459,CUST-0143,2026-06-12 00:00,Quick question,Wanted to confirm whether the admin console is included in our current plan.,general_question,low,,open,,Billing,0.52,0.23,,
TCK-00270,CUST-0084,2026-07-10 00:00,Dashboard not loading,"Hi team, We keep getting disconnected while using the collaboration workspace, on and off for a week. Thanks in advance.",technical_issue,medium,,open,,Other,0.53,1.28,,
TCK-00364,CUST-0114,2026-05-23 00:00,Clarifying a feature,"Hi team, Just checking what happens if everyone on the Pro plan goes over the seat limit. Appreciate the help.",general_question,medium,,pending,,Other,0.53,0.24,,
TCK-00214,CUST-0063,2026-05-03 00:00,Plan limits question,Hoping you can help: Wanted to confirm whether the reporting tool is included in our current plan. Not sure if this is expected.,general_question,high,4.2,resolved,2.0,Other,0.54,0.29,,
TCK-00415,CUST-0132,2026-05-08 00:00,Plan limits question,"Hi team, Wanted to confirm whether the mobile app is included in our current plan.",general_question,low,35.9,resolved,5.0,Billing,0.54,0.3,,
TCK-00145,CUST-0038,2026-06-18 00:00,Quick question,Wanted to confirm whether the mobile app is included in our current plan.,general_question,low,49.8,resolved,2.0,Billing,0.55,0.23,,
TCK-00023,CUST-0005,2026-04-26 00:00,Dashboard not loading,Hoping you can help: Sync between our account and the dashboard keeps failing halfway through. Not sure if this is expected.,technical_issue,medium,2.9,resolved,2.0,Calendar synchronization,0.56,1.12,,
TCK-00388,CUST-0124,2026-04-24 00:00,Sync errors,"Hello, We keep getting disconnected while using the mobile app, this week. Let me know what you need from us.",technical_issue,medium,12.3,resolved,3.0,Interface error,0.56,1.04,,
TCK-00424,CUST-0135,2026-06-30 00:00,Connectivity problem,"Quick one — We keep getting disconnected while using the mobile app, since the latest update. Happy to jump on a call if easier.",technical_issue,low,,open,,Interface error,0.57,1.38,,
TCK-00343,CUST-0107,2026-05-26 00:00,Dashboard not loading,"Hoping you can help: The collaboration workspace is extremely slow for our whole team since yesterday, is there a known issue?",technical_issue,high,6.3,resolved,3.0,Interface error,0.58,1.92,,
